
-- Database Backup --
-- Ver. : 1.0.1
-- Host : Server Host
-- Generating Time : Oct 25, 2023 at 10:54:50:AM


CREATE TABLE `bayar` (
  `id_bayar` int(10) NOT NULL AUTO_INCREMENT,
  `id_siswa` int(10) NOT NULL,
  `id_bayar_metode` int(10) NOT NULL,
  `keterangan` text NOT NULL,
  `bukti` varchar(200) NOT NULL,
  `status_verifikasi` varchar(100) NOT NULL,
  `nominal_bayar` int(17) NOT NULL,
  `tanggal_bayar` date NOT NULL,
  `dibuat_pada` datetime NOT NULL DEFAULT current_timestamp(),
  `diubah_pada` datetime NOT NULL DEFAULT current_timestamp(),
  `dihapus_pada` datetime DEFAULT NULL,
  PRIMARY KEY (`id_bayar`)
) ENGINE=InnoDB AUTO_INCREMENT=21 DEFAULT CHARSET=utf8mb4;

INSERT INTO bayar VALUES
("1","13","1","Via BCA","2023_10_19_05_51_50_transaksi.jpg","Sudah Verifikasi","446000","2023-10-12","2023-10-19 11:51:50","2023-10-19 11:51:50",""),
("2","13","1","Via BCA","2023_10_19_05_52_28_transaksi.jpg","Sudah Verifikasi","2000000","2023-10-12","2023-10-19 11:52:28","2023-10-19 11:52:28",""),
("3","13","1","Via BCA","2023_10_19_05_53_05_transaksi.jpg","Sudah Verifikasi","500000","2023-10-13","2023-10-19 11:53:05","2023-10-19 11:53:05",""),
("4","1","1","Via BCA","2023_10_19_05_53_40_transaksi.jpg","Sudah Verifikasi","446000","2023-10-15","2023-10-19 11:53:40","2023-10-19 11:53:40",""),
("5","2","1","Via BCA","2023_10_19_05_54_17_transaksi.jpg","Sudah Verifikasi","1000000","2023-10-16","2023-10-19 11:54:17","2023-10-19 11:54:17",""),
("6","3","1","Via BCA","2023_10_19_05_54_51_transaksi.jpg","Sudah Verifikasi","1000000","2023-10-17","2023-10-19 11:54:51","2023-10-19 11:54:51",""),
("7","4","1","Via BCA","2023_10_19_05_55_20_transaksi.jpg","Sudah Verifikasi","1000000","2023-10-18","2023-10-19 11:55:20","2023-10-19 11:55:20",""),
("8","5","1","Via BCA","2023_10_19_05_55_58_transaksi.jpg","Sudah Verifikasi","1000000","2023-10-19","2023-10-19 11:55:58","2023-10-19 11:55:58",""),
("9","6","1","Via BCA","2023_10_19_05_56_40_transaksi.jpg","Sudah Verifikasi","446000","2023-10-20","2023-10-19 11:56:40","2023-10-19 11:56:40",""),
("10","7","1","Via BCA","2023_10_19_05_57_13_transaksi.jpg","Sudah Verifikasi","446000","2023-10-21","2023-10-19 11:57:13","2023-10-19 11:57:13",""),
("11","8","1","Via BCA","2023_10_19_05_57_53_transaksi.jpg","Sudah Verifikasi","1000000","2023-09-01","2023-10-19 11:57:53","2023-10-19 11:57:53",""),
("12","9","1","Via BCA","2023_10_19_05_58_28_transaksi.jpg","Sudah Verifikasi","446000","2023-09-02","2023-10-19 11:58:28","2023-10-19 11:58:28",""),
("13","10","1","Via BCA","2023_10_19_05_59_22_transaksi.jpg","Sudah Verifikasi","1000000","2023-09-04","2023-10-19 11:59:22","2023-10-19 11:59:22",""),
("14","11","1","Via BCA","2023_10_19_06_00_11_transaksi.jpg","Sudah Verifikasi","446000","2023-09-03","2023-10-19 12:00:11","2023-10-19 12:00:11",""),
("15","12","1","Via BCA","2023_10_19_06_02_09_transaksi.jpg","Sudah Verifikasi","446000","2023-09-06","2023-10-19 12:02:09","2023-10-19 12:02:09",""),
("16","14","1","Via BCA","2023_10_19_06_02_49_transaksi.jpg","Sudah Verifikasi","446000","2023-09-10","2023-10-19 12:02:49","2023-10-19 12:02:49",""),
("17","15","1","Via BCA","2023_10_19_06_03_43_transaksi.jpg","Sudah Verifikasi","1000000","2023-09-11","2023-10-19 12:03:43","2023-10-19 12:03:43",""),
("18","16","1","Via BCA","2023_10_19_06_04_26_transaksi.jpg","Sudah Verifikasi","1000000","2023-09-13","2023-10-19 12:04:26","2023-10-19 12:04:26",""),
("19","17","1","Via BCA","2023_10_19_06_05_03_transaksi.jpg","Sudah Verifikasi","1000000","2023-09-13","2023-10-19 12:05:03","2023-10-19 12:05:03",""),
("20","18","1","Via BCA","2023_10_19_06_05_37_transaksi.jpg","Sudah Verifikasi","1000000","2023-09-17","2023-10-19 12:05:37","2023-10-19 12:05:37","");

CREATE TABLE `bayar_alokasi` (
  `id_bayar_alokasi` int(10) NOT NULL AUTO_INCREMENT,
  `id_bayar` int(10) NOT NULL,
  `id_tagihan` int(10) NOT NULL,
  `total_alokasi` int(17) NOT NULL,
  `dialokasikan_oleh` varchar(100) NOT NULL,
  `dibuat_pada` datetime NOT NULL DEFAULT current_timestamp(),
  `diubah_pada` datetime NOT NULL DEFAULT current_timestamp(),
  `dihapus_pada` datetime DEFAULT NULL,
  PRIMARY KEY (`id_bayar_alokasi`)
) ENGINE=InnoDB AUTO_INCREMENT=43 DEFAULT CHARSET=utf8mb4;

INSERT INTO bayar_alokasi VALUES
("1","1","157","446000","OtomatiS Oleh Sistem","2023-10-19 11:51:50","2023-10-19 11:51:50",""),
("2","2","158","446000","OtomatiS Oleh Sistem","2023-10-19 11:52:28","2023-10-19 11:52:28",""),
("3","2","159","446000","OtomatiS Oleh Sistem","2023-10-19 11:52:28","2023-10-19 11:52:28",""),
("4","2","160","1108000","OtomatiS Oleh Sistem","2023-10-19 11:52:28","2023-10-19 11:52:28",""),
("5","3","160","500000","OtomatiS Oleh Sistem","2023-10-19 11:53:05","2023-10-19 11:53:05",""),
("6","4","1","446000","OtomatiS Oleh Sistem","2023-10-19 11:53:41","2023-10-19 11:53:41",""),
("7","5","14","446000","OtomatiS Oleh Sistem","2023-10-19 11:54:17","2023-10-19 11:54:17",""),
("8","5","15","446000","OtomatiS Oleh Sistem","2023-10-19 11:54:17","2023-10-19 11:54:17",""),
("9","5","16","108000","OtomatiS Oleh Sistem","2023-10-19 11:54:17","2023-10-19 11:54:17",""),
("10","6","27","446000","OtomatiS Oleh Sistem","2023-10-19 11:54:51","2023-10-19 11:54:51",""),
("11","6","28","446000","OtomatiS Oleh Sistem","2023-10-19 11:54:51","2023-10-19 11:54:51",""),
("12","6","29","108000","OtomatiS Oleh Sistem","2023-10-19 11:54:51","2023-10-19 11:54:51",""),
("13","7","40","446000","OtomatiS Oleh Sistem","2023-10-19 11:55:20","2023-10-19 11:55:20",""),
("14","7","41","446000","OtomatiS Oleh Sistem","2023-10-19 11:55:20","2023-10-19 11:55:20",""),
("15","7","42","108000","OtomatiS Oleh Sistem","2023-10-19 11:55:20","2023-10-19 11:55:20",""),
("16","8","53","446000","OtomatiS Oleh Sistem","2023-10-19 11:55:58","2023-10-19 11:55:58",""),
("17","8","54","446000","OtomatiS Oleh Sistem","2023-10-19 11:55:58","2023-10-19 11:55:58",""),
("18","8","55","108000","OtomatiS Oleh Sistem","2023-10-19 11:55:58","2023-10-19 11:55:58",""),
("19","9","66","446000","OtomatiS Oleh Sistem","2023-10-19 11:56:40","2023-10-19 11:56:40",""),
("20","10","79","446000","OtomatiS Oleh Sistem","2023-10-19 11:57:13","2023-10-19 11:57:13",""),
("21","11","92","446000","OtomatiS Oleh Sistem","2023-10-19 11:57:53","2023-10-19 11:57:53",""),
("22","11","93","446000","OtomatiS Oleh Sistem","2023-10-19 11:57:53","2023-10-19 11:57:53",""),
("23","11","94","108000","OtomatiS Oleh Sistem","2023-10-19 11:57:53","2023-10-19 11:57:53",""),
("24","12","105","446000","OtomatiS Oleh Sistem","2023-10-19 11:58:28","2023-10-19 11:58:28",""),
("25","13","118","446000","OtomatiS Oleh Sistem","2023-10-19 11:59:22","2023-10-19 11:59:22",""),
("26","13","119","446000","OtomatiS Oleh Sistem","2023-10-19 11:59:22","2023-10-19 11:59:22",""),
("27","13","120","108000","OtomatiS Oleh Sistem","2023-10-19 11:59:22","2023-10-19 11:59:22",""),
("28","14","131","446000","OtomatiS Oleh Sistem","2023-10-19 12:00:11","2023-10-19 12:00:11",""),
("29","15","144","446000","OtomatiS Oleh Sistem","2023-10-19 12:02:09","2023-10-19 12:02:09",""),
("30","16","170","446000","OtomatiS Oleh Sistem","2023-10-19 12:02:49","2023-10-19 12:02:49",""),
("31","17","183","446000","OtomatiS Oleh Sistem","2023-10-19 12:03:43","2023-10-19 12:03:43",""),
("32","17","184","446000","OtomatiS Oleh Sistem","2023-10-19 12:03:43","2023-10-19 12:03:43",""),
("33","17","185","108000","OtomatiS Oleh Sistem","2023-10-19 12:03:43","2023-10-19 12:03:43",""),
("34","18","196","446000","OtomatiS Oleh Sistem","2023-10-19 12:04:26","2023-10-19 12:04:26",""),
("35","18","197","446000","OtomatiS Oleh Sistem","2023-10-19 12:04:26","2023-10-19 12:04:26",""),
("36","18","198","108000","OtomatiS Oleh Sistem","2023-10-19 12:04:26","2023-10-19 12:04:26",""),
("37","19","209","446000","OtomatiS Oleh Sistem","2023-10-19 12:05:03","2023-10-19 12:05:03",""),
("38","19","210","446000","OtomatiS Oleh Sistem","2023-10-19 12:05:03","2023-10-19 12:05:03",""),
("39","19","211","108000","OtomatiS Oleh Sistem","2023-10-19 12:05:03","2023-10-19 12:05:03",""),
("40","20","222","446000","OtomatiS Oleh Sistem","2023-10-19 12:05:37","2023-10-19 12:05:37",""),
("41","20","223","446000","OtomatiS Oleh Sistem","2023-10-19 12:05:37","2023-10-19 12:05:37",""),
("42","20","224","108000","OtomatiS Oleh Sistem","2023-10-19 12:05:37","2023-10-19 12:05:37","");

CREATE TABLE `bayar_metode` (
  `id_bayar_metode` int(10) NOT NULL AUTO_INCREMENT,
  `metode` varchar(100) NOT NULL,
  `nomor_rekening` varchar(100) NOT NULL,
  `dibuat_pada` datetime NOT NULL DEFAULT current_timestamp(),
  `diubah_pada` datetime NOT NULL DEFAULT current_timestamp(),
  `dihapus_pada` datetime DEFAULT NULL,
  PRIMARY KEY (`id_bayar_metode`)
) ENGINE=InnoDB AUTO_INCREMENT=3 DEFAULT CHARSET=utf8mb4;

INSERT INTO bayar_metode VALUES
("1","Transfer Ke Bank BTN Rekening SMK Triatma Jaya Badung","00555-0130-0000028","2023-09-19 08:51:21","2023-09-19 08:51:21",""),
("2","Transfer Ke Bank BTN Rekening OSIS SMK Triatma Jaya Badung","00555-0188-0000085","2023-09-19 08:51:21","2023-09-19 08:51:21","");

CREATE TABLE `biaya` (
  `id_biaya` int(10) NOT NULL AUTO_INCREMENT,
  `id_periode` int(10) NOT NULL,
  `deskripsi_biaya` varchar(200) NOT NULL,
  `jumlah_biaya` int(17) NOT NULL,
  `tanggal_jatuh_tempo` date NOT NULL,
  `tingkat` int(2) DEFAULT NULL,
  `id_jurusan` int(10) DEFAULT NULL,
  `dibuat_pada` datetime NOT NULL DEFAULT current_timestamp(),
  `diubah_pada` datetime NOT NULL DEFAULT current_timestamp(),
  `dihapus_pada` datetime DEFAULT NULL,
  PRIMARY KEY (`id_biaya`)
) ENGINE=InnoDB AUTO_INCREMENT=14 DEFAULT CHARSET=utf8mb4;

INSERT INTO biaya VALUES
("1","3","SPP Juli 2023","446000","2023-07-20","12","3","2023-08-29 13:21:46","2023-08-29 13:21:46",""),
("2","3","SPP Agustus 2023","446000","2023-08-20","12","3","2023-08-30 09:08:59","2023-08-30 09:08:59",""),
("3","3","SPP September 2023","446000","2023-09-20","12","3","2023-08-30 09:23:01","2023-08-30 09:23:01",""),
("4","3","Uang Study Tour","2500000","2023-09-22","12","3","2023-08-30 09:25:20","2023-08-30 09:25:20",""),
("5","3","SPP Oktober 2023","446000","2023-10-20","12","3","2023-08-30 11:43:51","2023-08-30 11:43:51",""),
("6","3","SPP November 2023","446000","2023-11-20","12","3","2023-08-30 11:44:40","2023-08-30 11:44:40",""),
("7","3","SPP Desember 2023","446000","2023-12-20","12","3","2023-08-30 11:45:20","2023-08-30 11:45:20",""),
("8","3","SPP Bulan Januari 2024","446000","2024-01-20","12","3","2023-08-30 11:46:02","2023-08-30 11:46:02",""),
("9","3","SPP Februari 2024","446000","2024-02-20","12","3","2023-08-30 11:47:18","2023-08-30 11:47:18",""),
("10","3","SPP Maret 2024","446000","2024-03-20","12","3","2023-08-30 11:48:50","2023-08-30 11:48:50",""),
("11","3","SPP April 2024","446000","2024-04-20","12","3","2023-08-30 12:09:35","2023-08-30 12:09:35",""),
("12","3","SPP Mei 2024","446000","2024-05-20","12","3","2023-08-30 12:10:32","2023-08-30 12:10:32",""),
("13","3","SPP Juni 2024","446000","2024-06-20","12","3","2023-08-30 12:11:11","2023-08-30 12:11:11","");

CREATE TABLE `jurusan` (
  `id_jurusan` int(10) NOT NULL AUTO_INCREMENT,
  `jurusan` varchar(100) NOT NULL,
  `dibuat_pada` datetime NOT NULL DEFAULT current_timestamp(),
  `diubah_pada` datetime NOT NULL DEFAULT current_timestamp(),
  `dihapus_pada` datetime DEFAULT NULL,
  PRIMARY KEY (`id_jurusan`)
) ENGINE=InnoDB AUTO_INCREMENT=5 DEFAULT CHARSET=utf8mb4;

INSERT INTO jurusan VALUES
("1","Kuliner","2023-09-05 08:14:58","2023-09-05 08:14:58",""),
("2","Perhotelan","2023-09-05 08:14:58","2023-09-05 08:14:58",""),
("3","Pengembangan Perangkat Lunak dan Gim","2023-09-05 08:16:00","2023-09-05 08:16:00",""),
("4","Kecantikan dan SPA","2023-09-05 08:16:00","2023-09-05 08:16:00","");

CREATE TABLE `periode` (
  `id_periode` int(10) NOT NULL AUTO_INCREMENT,
  `periode` varchar(100) NOT NULL,
  `tanggal_awal` date NOT NULL,
  `tanggal_akhir` date NOT NULL,
  `dibuat_pada` datetime NOT NULL DEFAULT current_timestamp(),
  `diubah_pada` datetime NOT NULL DEFAULT current_timestamp(),
  `dihapus_pada` datetime DEFAULT NULL,
  PRIMARY KEY (`id_periode`)
) ENGINE=InnoDB AUTO_INCREMENT=6 DEFAULT CHARSET=utf8mb4;

INSERT INTO periode VALUES
("1","Tahun Ajar 2021/2022","2021-07-01","2022-06-30","2023-08-23 09:13:39","2023-08-23 09:13:39",""),
("2","Tahun Ajar 2022/2023","2022-07-01","2023-06-30","2023-08-23 09:14:17","2023-08-23 09:14:17",""),
("3","Tahun Ajar 2023/2024","2023-07-01","2024-06-30","2023-08-23 09:14:48","2023-08-23 09:14:48",""),
("4","1999","2023-08-01","2023-08-10","2023-08-24 11:55:59","2023-08-24 11:55:59","2023-08-29 12:26:07"),
("5","1212","2023-08-02","2023-08-02","2023-08-24 11:59:38","2023-08-24 11:59:38","2023-08-29 12:30:46");

CREATE TABLE `siswa` (
  `id_siswa` int(10) NOT NULL AUTO_INCREMENT,
  `nis` varchar(20) NOT NULL,
  `nama` varchar(200) NOT NULL,
  `kelas` varchar(50) NOT NULL,
  `tingkat` int(2) NOT NULL,
  `id_jurusan` int(10) NOT NULL,
  `alamat` text NOT NULL,
  `no_hp` varchar(20) NOT NULL,
  `email` varchar(50) NOT NULL,
  `dibuat_pada` datetime NOT NULL DEFAULT current_timestamp(),
  `diubah_pada` datetime NOT NULL DEFAULT current_timestamp(),
  `dihapus_pada` datetime DEFAULT NULL,
  PRIMARY KEY (`id_siswa`)
) ENGINE=InnoDB AUTO_INCREMENT=35 DEFAULT CHARSET=utf8mb4;

INSERT INTO siswa VALUES
("1","4950","Aline Syahfitri","XII PPLG","12","3","Jl Indah","0891234567899","aline123@gmail.com","2023-09-05 00:32:01","2023-09-05 00:32:01",""),
("2","4951","Bezaliel Cahya Yehuda","XII PPLG","12","3","Jl Indah","0891234567899","bezaliel@gmail.com","2023-09-05 00:33:09","2023-09-05 00:33:09",""),
("3","4952","Fibri Wiliana Putri","XII PPLG","12","3","Jl Indah","0891234567899","pencintafiksi@gmail.com","2023-09-05 00:33:57","2023-09-05 00:33:57",""),
("4","4953","Gede Andi Perayoga","XII PPLG","12","3","Jl Indah","0891234567899","andikun@gmail.com","2023-09-05 00:34:58","2023-09-05 00:34:58",""),
("5","4954","I Gede Erik Fugianto Lila","XII PPLG","12","3","Jl Indah","0891234567899","erikthehacker@gmail.com","2023-09-05 00:36:06","2023-09-05 00:36:06",""),
("6","4955","I Putu Arya Ady Susena","XII PPLG","12","3","Jl Indah","0891234567899","senacintavespa@gmail.com","2023-09-05 00:37:13","2023-09-05 00:37:13",""),
("7","4956","Komang Risma Tri Pradnyani","XII PPLG","12","3","Jl Indah","0891234567899","rismalikepink@gmail.com","2023-09-05 00:38:20","2023-09-05 00:38:20",""),
("8","4957","Magdalena Febiayu Kantur","XII PPLG","12","3","Jl Indah","0891234567899","entinengkol@gmail.com","2023-09-05 00:39:44","2023-09-05 00:39:44",""),
("9","4958","Nasywa Ramadhani","XII PPLG","12","3","Jl Indah","0891234567899","nasywaw@gmail.com","2023-09-05 00:40:46","2023-09-05 00:40:46",""),
("10","4959","Ni Kadek Dwi Swandewi","XII PPLG","12","3","Jl Indah","0891234567899","dwilonelygirl@gmail.com","2023-09-05 00:43:19","2023-09-05 00:43:19",""),
("11","4960","Ni Kadek Nina Antari","XII PPLG","12","3","Jl Indah","0891234567899","selebtiktok@gmail.com","2023-09-05 00:44:23","2023-09-05 00:44:23",""),
("12","4961","Ni Luh Chelsea Widyadari","XII PPLG","12","3","Jl Indah","0891234567899","ecikmaniez@gmail.com","2023-09-05 00:45:53","2023-09-05 00:45:53",""),
("13","4962","Ni Luh Putu Diah Martiani","XII PPLG","12","3","Jl Indah","0891234567899","diay00@gmail.com","2023-09-05 00:46:51","2023-09-05 00:46:51",""),
("14","4963","Ni Putu Nia Pradnya Oktaviani","XII PPLG","12","3","Jl Indah","0891234567899","nialovers@gmail.com","2023-09-05 00:47:51","2023-09-05 00:47:51",""),
("15","4964","Williams Jacobus Felanuel","XII PPLG","12","3","Jl Indah","0891234567899","adminslot@gmail.com","2023-09-05 00:49:20","2023-09-05 00:49:20",""),
("16","4965","Zaid Assya Yudah","XII PPLG","12","3","Jl Indah","0891234567899","zaidsukafreya@gmail.com","2023-09-05 00:50:17","2023-09-05 00:50:17",""),
("17","4966","Dewa Made Martha Abimayu ","XII PPLG","12","3","Jl Indah","0891234567899","dewadewi@gmail.com","2023-09-05 00:51:17","2023-09-05 00:51:17",""),
("18","4967","Ferrel Feivel Waworuntu","XII PPLG","12","3","Jl Indah","0891234567899","wibuberkelas@gmail.com","2023-09-05 00:52:25","2023-09-05 00:52:25",""),
("19","1111","Haruto","XII","12","3","jl","0891234567899","tatantulla3@gmail.com","2023-09-05 10:53:15","2023-09-05 10:53:15","2023-09-05 11:45:54"),
("20","4000","Ni Putu Meliana Dewi","XII TKC","12","4","Denpasar","0891234567899","meliadew@gmail.com","2023-09-12 09:18:11","2023-09-12 09:18:11",""),
("21","4001","Nita Ramadhani","XII TKC","12","4","Denpasar","0891234567899","nitaandnita@gmail.com","2023-09-12 09:19:24","2023-09-12 09:19:24",""),
("22","4002","Ida Ayu Wediana Putri","XII TKC","12","4","Denpasar","0891234567899","dayuptr@gmail.com","2023-09-12 09:20:26","2023-09-12 09:20:26",""),
("23","4003","Ni Luh Sukri Artini","XII TKC","12","4","Denpasar","0891234567899","sukrisukro@gmail.com","2023-09-12 09:21:25","2023-09-12 09:21:25",""),
("24","4004","Ni Kadek Desi Lunari","XII TKC","12","4","Denpasar","0891234567899","lunari@gmail.com","2023-09-12 09:22:48","2023-09-12 09:22:48",""),
("25","4111","Gede Danny Pratama","XII Perhotelan","12","2","Tabanan","0891234567899","dannylove@gmail.com","2023-09-12 09:24:34","2023-09-12 09:24:34",""),
("26","4222","Ni Putu Cherry Aniri","XII Perhotelan","12","2","Tabanan","0891234567899","cherryku@gmail.com","2023-09-12 09:25:49","2023-09-12 09:25:49",""),
("27","4333","Made Okta Lestari","XII Perhotelan","12","2","Tabanan","0891234567899","oktoberborn@gmail.com","2023-09-12 09:26:47","2023-09-12 09:26:47",""),
("28","4444","Ni Komang Ratna Oriani","XII Perhotelan","12","2","Tabanan","0891234567899","mariana01@gmail.com","2023-09-12 09:27:43","2023-09-12 09:27:43",""),
("29","4555","I Ketut Arya Chandra","XII Perhotelan","12","2","Tabanan","0891234567899","tatantulla3@gmail.com","2023-09-12 09:28:46","2023-09-12 09:28:46",""),
("30","4041","Ni Kadek Melati Putri","XII Kuliner","12","1","Dalung","0891234567899","melaty@gmail.com","2023-09-12 09:30:30","2023-09-12 09:30:30",""),
("31","4042","Jessylin Maedani","XII Kuliner","12","1","Dalung","0891234567899","jessyly@gmail.com","2023-09-12 09:31:37","2023-09-12 09:31:37",""),
("32","4043","Komang Ayunda Dewi","XII Kuliner","12","1","Dalung","0891234567899","ayundas@gmail.com","2023-09-12 09:32:38","2023-09-12 09:32:38",""),
("33","4044","I Putu Candra Santika","XII Kuliner","12","1","Dalung","0891234567899","ccndra@gmail.com","2023-09-12 09:33:41","2023-09-12 09:33:41",""),
("34","4055","Alvon Carido Pratama","XII Kuliner","12","1","Dalung","0891234567899","alvonpon@gmail.com","2023-09-12 09:34:53","2023-09-12 09:34:53","");

CREATE TABLE `tagihan` (
  `id_tagihan` int(10) NOT NULL AUTO_INCREMENT,
  `id_biaya` int(10) NOT NULL,
  `id_siswa` int(10) NOT NULL,
  `kelas` varchar(50) NOT NULL,
  `keterangan` varchar(200) NOT NULL,
  `potongan` int(20) NOT NULL DEFAULT 0,
  `total_terbayar` int(20) NOT NULL DEFAULT 0,
  `dibuat_pada` datetime NOT NULL DEFAULT current_timestamp(),
  `diubah_pada` datetime NOT NULL DEFAULT current_timestamp(),
  `dihapus_pada` datetime DEFAULT NULL,
  PRIMARY KEY (`id_tagihan`)
) ENGINE=InnoDB AUTO_INCREMENT=235 DEFAULT CHARSET=utf8mb4;

INSERT INTO tagihan VALUES
("1","1","1","XII PPLG","","0","446000","2023-10-19 11:50:44","2023-10-19 11:50:44",""),
("2","2","1","XII PPLG","","0","0","2023-10-19 11:50:44","2023-10-19 11:50:44",""),
("3","3","1","XII PPLG","","0","0","2023-10-19 11:50:44","2023-10-19 11:50:44",""),
("4","4","1","XII PPLG","","0","0","2023-10-19 11:50:44","2023-10-19 11:50:44",""),
("5","5","1","XII PPLG","","0","0","2023-10-19 11:50:44","2023-10-19 11:50:44",""),
("6","6","1","XII PPLG","","0","0","2023-10-19 11:50:44","2023-10-19 11:50:44",""),
("7","7","1","XII PPLG","","0","0","2023-10-19 11:50:44","2023-10-19 11:50:44",""),
("8","8","1","XII PPLG","","0","0","2023-10-19 11:50:44","2023-10-19 11:50:44",""),
("9","9","1","XII PPLG","","0","0","2023-10-19 11:50:44","2023-10-19 11:50:44",""),
("10","10","1","XII PPLG","","0","0","2023-10-19 11:50:44","2023-10-19 11:50:44",""),
("11","11","1","XII PPLG","","0","0","2023-10-19 11:50:44","2023-10-19 11:50:44",""),
("12","12","1","XII PPLG","","0","0","2023-10-19 11:50:44","2023-10-19 11:50:44",""),
("13","13","1","XII PPLG","","0","0","2023-10-19 11:50:44","2023-10-19 11:50:44",""),
("14","1","2","XII PPLG","","0","446000","2023-10-19 11:50:44","2023-10-19 11:50:44",""),
("15","2","2","XII PPLG","","0","446000","2023-10-19 11:50:44","2023-10-19 11:50:44",""),
("16","3","2","XII PPLG","","0","108000","2023-10-19 11:50:44","2023-10-19 11:50:44",""),
("17","4","2","XII PPLG","","0","0","2023-10-19 11:50:44","2023-10-19 11:50:44",""),
("18","5","2","XII PPLG","","0","0","2023-10-19 11:50:44","2023-10-19 11:50:44",""),
("19","6","2","XII PPLG","","0","0","2023-10-19 11:50:44","2023-10-19 11:50:44",""),
("20","7","2","XII PPLG","","0","0","2023-10-19 11:50:44","2023-10-19 11:50:44",""),
("21","8","2","XII PPLG","","0","0","2023-10-19 11:50:44","2023-10-19 11:50:44",""),
("22","9","2","XII PPLG","","0","0","2023-10-19 11:50:44","2023-10-19 11:50:44",""),
("23","10","2","XII PPLG","","0","0","2023-10-19 11:50:44","2023-10-19 11:50:44",""),
("24","11","2","XII PPLG","","0","0","2023-10-19 11:50:44","2023-10-19 11:50:44",""),
("25","12","2","XII PPLG","","0","0","2023-10-19 11:50:44","2023-10-19 11:50:44",""),
("26","13","2","XII PPLG","","0","0","2023-10-19 11:50:44","2023-10-19 11:50:44",""),
("27","1","3","XII PPLG","","0","446000","2023-10-19 11:50:44","2023-10-19 11:50:44",""),
("28","2","3","XII PPLG","","0","446000","2023-10-19 11:50:44","2023-10-19 11:50:44",""),
("29","3","3","XII PPLG","","0","108000","2023-10-19 11:50:44","2023-10-19 11:50:44",""),
("30","4","3","XII PPLG","","0","0","2023-10-19 11:50:44","2023-10-19 11:50:44",""),
("31","5","3","XII PPLG","","0","0","2023-10-19 11:50:44","2023-10-19 11:50:44",""),
("32","6","3","XII PPLG","","0","0","2023-10-19 11:50:44","2023-10-19 11:50:44",""),
("33","7","3","XII PPLG","","0","0","2023-10-19 11:50:44","2023-10-19 11:50:44",""),
("34","8","3","XII PPLG","","0","0","2023-10-19 11:50:44","2023-10-19 11:50:44",""),
("35","9","3","XII PPLG","","0","0","2023-10-19 11:50:44","2023-10-19 11:50:44",""),
("36","10","3","XII PPLG","","0","0","2023-10-19 11:50:44","2023-10-19 11:50:44",""),
("37","11","3","XII PPLG","","0","0","2023-10-19 11:50:44","2023-10-19 11:50:44",""),
("38","12","3","XII PPLG","","0","0","2023-10-19 11:50:44","2023-10-19 11:50:44",""),
("39","13","3","XII PPLG","","0","0","2023-10-19 11:50:44","2023-10-19 11:50:44",""),
("40","1","4","XII PPLG","","0","446000","2023-10-19 11:50:44","2023-10-19 11:50:44",""),
("41","2","4","XII PPLG","","0","446000","2023-10-19 11:50:44","2023-10-19 11:50:44",""),
("42","3","4","XII PPLG","","0","108000","2023-10-19 11:50:44","2023-10-19 11:50:44",""),
("43","4","4","XII PPLG","","0","0","2023-10-19 11:50:44","2023-10-19 11:50:44",""),
("44","5","4","XII PPLG","","0","0","2023-10-19 11:50:44","2023-10-19 11:50:44",""),
("45","6","4","XII PPLG","","0","0","2023-10-19 11:50:44","2023-10-19 11:50:44",""),
("46","7","4","XII PPLG","","0","0","2023-10-19 11:50:44","2023-10-19 11:50:44",""),
("47","8","4","XII PPLG","","0","0","2023-10-19 11:50:44","2023-10-19 11:50:44",""),
("48","9","4","XII PPLG","","0","0","2023-10-19 11:50:44","2023-10-19 11:50:44",""),
("49","10","4","XII PPLG","","0","0","2023-10-19 11:50:44","2023-10-19 11:50:44",""),
("50","11","4","XII PPLG","","0","0","2023-10-19 11:50:44","2023-10-19 11:50:44",""),
("51","12","4","XII PPLG","","0","0","2023-10-19 11:50:44","2023-10-19 11:50:44",""),
("52","13","4","XII PPLG","","0","0","2023-10-19 11:50:44","2023-10-19 11:50:44",""),
("53","1","5","XII PPLG","","0","446000","2023-10-19 11:50:44","2023-10-19 11:50:44",""),
("54","2","5","XII PPLG","","0","446000","2023-10-19 11:50:44","2023-10-19 11:50:44",""),
("55","3","5","XII PPLG","","0","108000","2023-10-19 11:50:44","2023-10-19 11:50:44",""),
("56","4","5","XII PPLG","","0","0","2023-10-19 11:50:44","2023-10-19 11:50:44",""),
("57","5","5","XII PPLG","","0","0","2023-10-19 11:50:44","2023-10-19 11:50:44",""),
("58","6","5","XII PPLG","","0","0","2023-10-19 11:50:44","2023-10-19 11:50:44",""),
("59","7","5","XII PPLG","","0","0","2023-10-19 11:50:44","2023-10-19 11:50:44",""),
("60","8","5","XII PPLG","","0","0","2023-10-19 11:50:44","2023-10-19 11:50:44",""),
("61","9","5","XII PPLG","","0","0","2023-10-19 11:50:44","2023-10-19 11:50:44",""),
("62","10","5","XII PPLG","","0","0","2023-10-19 11:50:44","2023-10-19 11:50:44",""),
("63","11","5","XII PPLG","","0","0","2023-10-19 11:50:44","2023-10-19 11:50:44",""),
("64","12","5","XII PPLG","","0","0","2023-10-19 11:50:44","2023-10-19 11:50:44",""),
("65","13","5","XII PPLG","","0","0","2023-10-19 11:50:44","2023-10-19 11:50:44",""),
("66","1","6","XII PPLG","","0","446000","2023-10-19 11:50:44","2023-10-19 11:50:44",""),
("67","2","6","XII PPLG","","0","0","2023-10-19 11:50:44","2023-10-19 11:50:44",""),
("68","3","6","XII PPLG","","0","0","2023-10-19 11:50:44","2023-10-19 11:50:44",""),
("69","4","6","XII PPLG","","0","0","2023-10-19 11:50:44","2023-10-19 11:50:44",""),
("70","5","6","XII PPLG","","0","0","2023-10-19 11:50:44","2023-10-19 11:50:44",""),
("71","6","6","XII PPLG","","0","0","2023-10-19 11:50:44","2023-10-19 11:50:44",""),
("72","7","6","XII PPLG","","0","0","2023-10-19 11:50:44","2023-10-19 11:50:44",""),
("73","8","6","XII PPLG","","0","0","2023-10-19 11:50:44","2023-10-19 11:50:44",""),
("74","9","6","XII PPLG","","0","0","2023-10-19 11:50:44","2023-10-19 11:50:44",""),
("75","10","6","XII PPLG","","0","0","2023-10-19 11:50:44","2023-10-19 11:50:44",""),
("76","11","6","XII PPLG","","0","0","2023-10-19 11:50:44","2023-10-19 11:50:44",""),
("77","12","6","XII PPLG","","0","0","2023-10-19 11:50:44","2023-10-19 11:50:44",""),
("78","13","6","XII PPLG","","0","0","2023-10-19 11:50:44","2023-10-19 11:50:44",""),
("79","1","7","XII PPLG","","0","446000","2023-10-19 11:50:44","2023-10-19 11:50:44",""),
("80","2","7","XII PPLG","","0","0","2023-10-19 11:50:44","2023-10-19 11:50:44",""),
("81","3","7","XII PPLG","","0","0","2023-10-19 11:50:44","2023-10-19 11:50:44",""),
("82","4","7","XII PPLG","","0","0","2023-10-19 11:50:44","2023-10-19 11:50:44",""),
("83","5","7","XII PPLG","","0","0","2023-10-19 11:50:44","2023-10-19 11:50:44",""),
("84","6","7","XII PPLG","","0","0","2023-10-19 11:50:44","2023-10-19 11:50:44",""),
("85","7","7","XII PPLG","","0","0","2023-10-19 11:50:44","2023-10-19 11:50:44",""),
("86","8","7","XII PPLG","","0","0","2023-10-19 11:50:44","2023-10-19 11:50:44",""),
("87","9","7","XII PPLG","","0","0","2023-10-19 11:50:44","2023-10-19 11:50:44",""),
("88","10","7","XII PPLG","","0","0","2023-10-19 11:50:44","2023-10-19 11:50:44",""),
("89","11","7","XII PPLG","","0","0","2023-10-19 11:50:44","2023-10-19 11:50:44",""),
("90","12","7","XII PPLG","","0","0","2023-10-19 11:50:44","2023-10-19 11:50:44",""),
("91","13","7","XII PPLG","","0","0","2023-10-19 11:50:44","2023-10-19 11:50:44",""),
("92","1","8","XII PPLG","","0","446000","2023-10-19 11:50:44","2023-10-19 11:50:44",""),
("93","2","8","XII PPLG","","0","446000","2023-10-19 11:50:44","2023-10-19 11:50:44",""),
("94","3","8","XII PPLG","","0","108000","2023-10-19 11:50:44","2023-10-19 11:50:44",""),
("95","4","8","XII PPLG","","0","0","2023-10-19 11:50:44","2023-10-19 11:50:44",""),
("96","5","8","XII PPLG","","0","0","2023-10-19 11:50:44","2023-10-19 11:50:44",""),
("97","6","8","XII PPLG","","0","0","2023-10-19 11:50:44","2023-10-19 11:50:44",""),
("98","7","8","XII PPLG","","0","0","2023-10-19 11:50:44","2023-10-19 11:50:44",""),
("99","8","8","XII PPLG","","0","0","2023-10-19 11:50:44","2023-10-19 11:50:44",""),
("100","9","8","XII PPLG","","0","0","2023-10-19 11:50:44","2023-10-19 11:50:44","");
INSERT INTO tagihan VALUES
("101","10","8","XII PPLG","","0","0","2023-10-19 11:50:44","2023-10-19 11:50:44",""),
("102","11","8","XII PPLG","","0","0","2023-10-19 11:50:44","2023-10-19 11:50:44",""),
("103","12","8","XII PPLG","","0","0","2023-10-19 11:50:44","2023-10-19 11:50:44",""),
("104","13","8","XII PPLG","","0","0","2023-10-19 11:50:44","2023-10-19 11:50:44",""),
("105","1","9","XII PPLG","","0","446000","2023-10-19 11:50:44","2023-10-19 11:50:44",""),
("106","2","9","XII PPLG","","0","0","2023-10-19 11:50:44","2023-10-19 11:50:44",""),
("107","3","9","XII PPLG","","0","0","2023-10-19 11:50:44","2023-10-19 11:50:44",""),
("108","4","9","XII PPLG","","0","0","2023-10-19 11:50:44","2023-10-19 11:50:44",""),
("109","5","9","XII PPLG","","0","0","2023-10-19 11:50:44","2023-10-19 11:50:44",""),
("110","6","9","XII PPLG","","0","0","2023-10-19 11:50:44","2023-10-19 11:50:44",""),
("111","7","9","XII PPLG","","0","0","2023-10-19 11:50:44","2023-10-19 11:50:44",""),
("112","8","9","XII PPLG","","0","0","2023-10-19 11:50:44","2023-10-19 11:50:44",""),
("113","9","9","XII PPLG","","0","0","2023-10-19 11:50:44","2023-10-19 11:50:44",""),
("114","10","9","XII PPLG","","0","0","2023-10-19 11:50:44","2023-10-19 11:50:44",""),
("115","11","9","XII PPLG","","0","0","2023-10-19 11:50:44","2023-10-19 11:50:44",""),
("116","12","9","XII PPLG","","0","0","2023-10-19 11:50:44","2023-10-19 11:50:44",""),
("117","13","9","XII PPLG","","0","0","2023-10-19 11:50:44","2023-10-19 11:50:44",""),
("118","1","10","XII PPLG","","0","446000","2023-10-19 11:50:44","2023-10-19 11:50:44",""),
("119","2","10","XII PPLG","","0","446000","2023-10-19 11:50:44","2023-10-19 11:50:44",""),
("120","3","10","XII PPLG","","0","108000","2023-10-19 11:50:44","2023-10-19 11:50:44",""),
("121","4","10","XII PPLG","","0","0","2023-10-19 11:50:44","2023-10-19 11:50:44",""),
("122","5","10","XII PPLG","","0","0","2023-10-19 11:50:44","2023-10-19 11:50:44",""),
("123","6","10","XII PPLG","","0","0","2023-10-19 11:50:44","2023-10-19 11:50:44",""),
("124","7","10","XII PPLG","","0","0","2023-10-19 11:50:44","2023-10-19 11:50:44",""),
("125","8","10","XII PPLG","","0","0","2023-10-19 11:50:44","2023-10-19 11:50:44",""),
("126","9","10","XII PPLG","","0","0","2023-10-19 11:50:44","2023-10-19 11:50:44",""),
("127","10","10","XII PPLG","","0","0","2023-10-19 11:50:44","2023-10-19 11:50:44",""),
("128","11","10","XII PPLG","","0","0","2023-10-19 11:50:44","2023-10-19 11:50:44",""),
("129","12","10","XII PPLG","","0","0","2023-10-19 11:50:44","2023-10-19 11:50:44",""),
("130","13","10","XII PPLG","","0","0","2023-10-19 11:50:44","2023-10-19 11:50:44",""),
("131","1","11","XII PPLG","","0","446000","2023-10-19 11:50:44","2023-10-19 11:50:44",""),
("132","2","11","XII PPLG","","0","0","2023-10-19 11:50:44","2023-10-19 11:50:44",""),
("133","3","11","XII PPLG","","0","0","2023-10-19 11:50:44","2023-10-19 11:50:44",""),
("134","4","11","XII PPLG","","0","0","2023-10-19 11:50:44","2023-10-19 11:50:44",""),
("135","5","11","XII PPLG","","0","0","2023-10-19 11:50:45","2023-10-19 11:50:45",""),
("136","6","11","XII PPLG","","0","0","2023-10-19 11:50:45","2023-10-19 11:50:45",""),
("137","7","11","XII PPLG","","0","0","2023-10-19 11:50:45","2023-10-19 11:50:45",""),
("138","8","11","XII PPLG","","0","0","2023-10-19 11:50:45","2023-10-19 11:50:45",""),
("139","9","11","XII PPLG","","0","0","2023-10-19 11:50:45","2023-10-19 11:50:45",""),
("140","10","11","XII PPLG","","0","0","2023-10-19 11:50:45","2023-10-19 11:50:45",""),
("141","11","11","XII PPLG","","0","0","2023-10-19 11:50:45","2023-10-19 11:50:45",""),
("142","12","11","XII PPLG","","0","0","2023-10-19 11:50:45","2023-10-19 11:50:45",""),
("143","13","11","XII PPLG","","0","0","2023-10-19 11:50:45","2023-10-19 11:50:45",""),
("144","1","12","XII PPLG","","0","446000","2023-10-19 11:50:45","2023-10-19 11:50:45",""),
("145","2","12","XII PPLG","","0","0","2023-10-19 11:50:45","2023-10-19 11:50:45",""),
("146","3","12","XII PPLG","","0","0","2023-10-19 11:50:45","2023-10-19 11:50:45",""),
("147","4","12","XII PPLG","","0","0","2023-10-19 11:50:45","2023-10-19 11:50:45",""),
("148","5","12","XII PPLG","","0","0","2023-10-19 11:50:45","2023-10-19 11:50:45",""),
("149","6","12","XII PPLG","","0","0","2023-10-19 11:50:45","2023-10-19 11:50:45",""),
("150","7","12","XII PPLG","","0","0","2023-10-19 11:50:45","2023-10-19 11:50:45",""),
("151","8","12","XII PPLG","","0","0","2023-10-19 11:50:45","2023-10-19 11:50:45",""),
("152","9","12","XII PPLG","","0","0","2023-10-19 11:50:45","2023-10-19 11:50:45",""),
("153","10","12","XII PPLG","","0","0","2023-10-19 11:50:45","2023-10-19 11:50:45",""),
("154","11","12","XII PPLG","","0","0","2023-10-19 11:50:45","2023-10-19 11:50:45",""),
("155","12","12","XII PPLG","","0","0","2023-10-19 11:50:45","2023-10-19 11:50:45",""),
("156","13","12","XII PPLG","","0","0","2023-10-19 11:50:45","2023-10-19 11:50:45",""),
("157","1","13","XII PPLG","","0","446000","2023-10-19 11:50:45","2023-10-19 11:50:45",""),
("158","2","13","XII PPLG","","0","446000","2023-10-19 11:50:45","2023-10-19 11:50:45",""),
("159","3","13","XII PPLG","","0","446000","2023-10-19 11:50:45","2023-10-19 11:50:45",""),
("160","4","13","XII PPLG","","0","1608000","2023-10-19 11:50:45","2023-10-19 11:50:45",""),
("161","5","13","XII PPLG","","0","0","2023-10-19 11:50:45","2023-10-19 11:50:45",""),
("162","6","13","XII PPLG","","0","0","2023-10-19 11:50:45","2023-10-19 11:50:45",""),
("163","7","13","XII PPLG","","0","0","2023-10-19 11:50:45","2023-10-19 11:50:45",""),
("164","8","13","XII PPLG","","0","0","2023-10-19 11:50:45","2023-10-19 11:50:45",""),
("165","9","13","XII PPLG","","0","0","2023-10-19 11:50:45","2023-10-19 11:50:45",""),
("166","10","13","XII PPLG","","0","0","2023-10-19 11:50:45","2023-10-19 11:50:45",""),
("167","11","13","XII PPLG","","0","0","2023-10-19 11:50:45","2023-10-19 11:50:45",""),
("168","12","13","XII PPLG","","0","0","2023-10-19 11:50:45","2023-10-19 11:50:45",""),
("169","13","13","XII PPLG","","0","0","2023-10-19 11:50:45","2023-10-19 11:50:45",""),
("170","1","14","XII PPLG","","0","446000","2023-10-19 11:50:45","2023-10-19 11:50:45",""),
("171","2","14","XII PPLG","","0","0","2023-10-19 11:50:45","2023-10-19 11:50:45",""),
("172","3","14","XII PPLG","","0","0","2023-10-19 11:50:45","2023-10-19 11:50:45",""),
("173","4","14","XII PPLG","","0","0","2023-10-19 11:50:45","2023-10-19 11:50:45",""),
("174","5","14","XII PPLG","","0","0","2023-10-19 11:50:45","2023-10-19 11:50:45",""),
("175","6","14","XII PPLG","","0","0","2023-10-19 11:50:45","2023-10-19 11:50:45",""),
("176","7","14","XII PPLG","","0","0","2023-10-19 11:50:45","2023-10-19 11:50:45",""),
("177","8","14","XII PPLG","","0","0","2023-10-19 11:50:45","2023-10-19 11:50:45",""),
("178","9","14","XII PPLG","","0","0","2023-10-19 11:50:45","2023-10-19 11:50:45",""),
("179","10","14","XII PPLG","","0","0","2023-10-19 11:50:45","2023-10-19 11:50:45",""),
("180","11","14","XII PPLG","","0","0","2023-10-19 11:50:45","2023-10-19 11:50:45",""),
("181","12","14","XII PPLG","","0","0","2023-10-19 11:50:45","2023-10-19 11:50:45",""),
("182","13","14","XII PPLG","","0","0","2023-10-19 11:50:45","2023-10-19 11:50:45",""),
("183","1","15","XII PPLG","","0","446000","2023-10-19 11:50:45","2023-10-19 11:50:45",""),
("184","2","15","XII PPLG","","0","446000","2023-10-19 11:50:45","2023-10-19 11:50:45",""),
("185","3","15","XII PPLG","","0","108000","2023-10-19 11:50:45","2023-10-19 11:50:45",""),
("186","4","15","XII PPLG","","0","0","2023-10-19 11:50:45","2023-10-19 11:50:45",""),
("187","5","15","XII PPLG","","0","0","2023-10-19 11:50:45","2023-10-19 11:50:45",""),
("188","6","15","XII PPLG","","0","0","2023-10-19 11:50:45","2023-10-19 11:50:45",""),
("189","7","15","XII PPLG","","0","0","2023-10-19 11:50:45","2023-10-19 11:50:45",""),
("190","8","15","XII PPLG","","0","0","2023-10-19 11:50:45","2023-10-19 11:50:45",""),
("191","9","15","XII PPLG","","0","0","2023-10-19 11:50:45","2023-10-19 11:50:45",""),
("192","10","15","XII PPLG","","0","0","2023-10-19 11:50:45","2023-10-19 11:50:45",""),
("193","11","15","XII PPLG","","0","0","2023-10-19 11:50:45","2023-10-19 11:50:45",""),
("194","12","15","XII PPLG","","0","0","2023-10-19 11:50:45","2023-10-19 11:50:45",""),
("195","13","15","XII PPLG","","0","0","2023-10-19 11:50:45","2023-10-19 11:50:45",""),
("196","1","16","XII PPLG","","0","446000","2023-10-19 11:50:45","2023-10-19 11:50:45",""),
("197","2","16","XII PPLG","","0","446000","2023-10-19 11:50:45","2023-10-19 11:50:45",""),
("198","3","16","XII PPLG","","0","108000","2023-10-19 11:50:45","2023-10-19 11:50:45",""),
("199","4","16","XII PPLG","","0","0","2023-10-19 11:50:45","2023-10-19 11:50:45",""),
("200","5","16","XII PPLG","","0","0","2023-10-19 11:50:45","2023-10-19 11:50:45","");
INSERT INTO tagihan VALUES
("201","6","16","XII PPLG","","0","0","2023-10-19 11:50:45","2023-10-19 11:50:45",""),
("202","7","16","XII PPLG","","0","0","2023-10-19 11:50:45","2023-10-19 11:50:45",""),
("203","8","16","XII PPLG","","0","0","2023-10-19 11:50:45","2023-10-19 11:50:45",""),
("204","9","16","XII PPLG","","0","0","2023-10-19 11:50:45","2023-10-19 11:50:45",""),
("205","10","16","XII PPLG","","0","0","2023-10-19 11:50:45","2023-10-19 11:50:45",""),
("206","11","16","XII PPLG","","0","0","2023-10-19 11:50:45","2023-10-19 11:50:45",""),
("207","12","16","XII PPLG","","0","0","2023-10-19 11:50:45","2023-10-19 11:50:45",""),
("208","13","16","XII PPLG","","0","0","2023-10-19 11:50:45","2023-10-19 11:50:45",""),
("209","1","17","XII PPLG","","0","446000","2023-10-19 11:50:45","2023-10-19 11:50:45",""),
("210","2","17","XII PPLG","","0","446000","2023-10-19 11:50:45","2023-10-19 11:50:45",""),
("211","3","17","XII PPLG","","0","108000","2023-10-19 11:50:45","2023-10-19 11:50:45",""),
("212","4","17","XII PPLG","","0","0","2023-10-19 11:50:45","2023-10-19 11:50:45",""),
("213","5","17","XII PPLG","","0","0","2023-10-19 11:50:45","2023-10-19 11:50:45",""),
("214","6","17","XII PPLG","","0","0","2023-10-19 11:50:45","2023-10-19 11:50:45",""),
("215","7","17","XII PPLG","","0","0","2023-10-19 11:50:45","2023-10-19 11:50:45",""),
("216","8","17","XII PPLG","","0","0","2023-10-19 11:50:45","2023-10-19 11:50:45",""),
("217","9","17","XII PPLG","","0","0","2023-10-19 11:50:45","2023-10-19 11:50:45",""),
("218","10","17","XII PPLG","","0","0","2023-10-19 11:50:45","2023-10-19 11:50:45",""),
("219","11","17","XII PPLG","","0","0","2023-10-19 11:50:45","2023-10-19 11:50:45",""),
("220","12","17","XII PPLG","","0","0","2023-10-19 11:50:45","2023-10-19 11:50:45",""),
("221","13","17","XII PPLG","","0","0","2023-10-19 11:50:45","2023-10-19 11:50:45",""),
("222","1","18","XII PPLG","","0","446000","2023-10-19 11:50:45","2023-10-19 11:50:45",""),
("223","2","18","XII PPLG","","0","446000","2023-10-19 11:50:45","2023-10-19 11:50:45",""),
("224","3","18","XII PPLG","","0","108000","2023-10-19 11:50:45","2023-10-19 11:50:45",""),
("225","4","18","XII PPLG","","0","0","2023-10-19 11:50:45","2023-10-19 11:50:45",""),
("226","5","18","XII PPLG","","0","0","2023-10-19 11:50:45","2023-10-19 11:50:45",""),
("227","6","18","XII PPLG","","0","0","2023-10-19 11:50:45","2023-10-19 11:50:45",""),
("228","7","18","XII PPLG","","0","0","2023-10-19 11:50:45","2023-10-19 11:50:45",""),
("229","8","18","XII PPLG","","0","0","2023-10-19 11:50:45","2023-10-19 11:50:45",""),
("230","9","18","XII PPLG","","0","0","2023-10-19 11:50:45","2023-10-19 11:50:45",""),
("231","10","18","XII PPLG","","0","0","2023-10-19 11:50:45","2023-10-19 11:50:45",""),
("232","11","18","XII PPLG","","0","0","2023-10-19 11:50:45","2023-10-19 11:50:45",""),
("233","12","18","XII PPLG","","0","0","2023-10-19 11:50:45","2023-10-19 11:50:45",""),
("234","13","18","XII PPLG","","0","0","2023-10-19 11:50:45","2023-10-19 11:50:45","");

CREATE TABLE `user` (
  `id_user` int(10) NOT NULL AUTO_INCREMENT,
  `nama` varchar(200) NOT NULL,
  `username` varchar(200) NOT NULL,
  `password` varchar(200) NOT NULL,
  `hak_akses` int(1) NOT NULL,
  `dibuat_pada` datetime NOT NULL DEFAULT current_timestamp(),
  `diubah_pada` datetime NOT NULL DEFAULT current_timestamp(),
  `dihapus_pada` datetime DEFAULT NULL,
  PRIMARY KEY (`id_user`)
) ENGINE=InnoDB AUTO_INCREMENT=5 DEFAULT CHARSET=utf8mb4;

INSERT INTO user VALUES
("1","Hanna","NanaA","11223344","0","2023-08-24 09:21:47","2023-08-24 09:21:47","2023-08-24 09:48:03"),
("2","Haruto","Ruto","123","1","2023-08-24 09:49:35","2023-08-24 09:49:35",""),
("3","Zaid suka freya","emote senyum","12345","1","2023-08-24 09:51:24","2023-08-24 09:51:24",""),
("4","Mantono","Manto","111","1","2023-08-24 11:55:21","2023-08-24 11:55:21","");